,timestamp
0,2025-03-17
1,2025-03-17
2,2025-03-17
3,2025-03-17
4,2025-03-17
5,2025-03-17
6,2025-03-17
7,2025-03-17
8,2025-03-13
9,2025-03-13
10,2025-03-13
11,2025-03-10
12,2025-03-09
13,2025-03-09
14,2025-03-08
15,2025-02-12
16,2025-02-04
17,2025-01-29
18,2025-01-18
19,2025-01-10
20,2025-01-06
21,2025-01-04
22,2025-01-04
23,2024-12-29
24,2024-12-29
25,2024-12-29
26,2024-12-27
27,2024-12-23
28,2024-12-21
29,2024-12-20
30,2024-12-19
31,2024-12-19
32,2024-12-19
33,2024-12-19
34,2024-12-19
35,2024-12-19
36,2024-12-18
37,2024-12-18
38,2024-12-16
39,2024-12-06
40,2024-12-05
41,2024-12-03
42,2024-12-03
43,2024-12-03
44,2024-11-25
45,2024-11-22
46,2024-11-22
47,2024-11-22
48,2024-11-20
49,2024-11-19
50,2024-11-19
51,2024-11-18
52,2024-11-17
53,2024-11-16
54,2024-11-16
55,2024-11-10
56,2024-11-10
57,2024-11-06
58,2024-11-03
59,2024-11-03
60,2024-11-01
61,2024-11-01
62,2024-10-29
63,2024-10-29
64,2024-10-29
65,2024-10-29
66,2024-10-28
67,2024-10-28
68,2024-10-28
69,2024-10-26
70,2024-10-25
71,2024-10-25
72,2024-10-25
73,2024-10-25
74,2024-10-24
75,2024-10-24
76,2024-10-24
77,2024-10-24
78,2024-10-24
79,2024-10-24
80,2024-10-23
81,2024-10-23
82,2024-10-22
83,2024-10-22
84,2024-10-22
85,2024-10-21
86,2024-10-21
87,2024-10-21
88,2024-10-21
89,2024-10-21
90,2024-10-20
91,2024-10-20
92,2024-10-20
93,2024-10-19
94,2024-10-19
95,2024-10-19
96,2024-10-19
97,2024-10-19
98,2024-10-19
99,2024-10-18
100,2024-10-16
101,2024-10-15
102,2024-10-15
103,2024-10-15
104,2024-10-14
105,2024-10-13
106,2024-10-13
107,2024-10-12
108,2024-10-12
109,2024-10-12
110,2024-10-12
111,2024-10-12
112,2024-10-11
113,2024-10-11
114,2024-10-11
115,2024-10-11
116,2024-10-11
117,2024-10-11
118,2024-10-11
119,2024-10-11
120,2024-10-11
121,2024-10-10
122,2024-10-08
123,2024-10-07
124,2024-10-06
125,2024-10-03
126,2024-10-03
127,2024-10-02
128,2024-10-02
129,2024-10-02
130,2024-10-01
131,2024-10-01
132,2024-10-01
133,2024-10-01
134,2024-10-01
135,2024-09-28
136,2024-09-27
137,2024-09-27
138,2024-09-27
139,2024-09-27
140,2024-09-27
141,2024-09-27
142,2024-09-27
143,2024-09-27
144,2024-09-24
145,2024-09-24
146,2024-09-21
147,2024-09-20
148,2024-09-20
149,2024-09-20
150,2024-09-19
151,2024-09-19
152,2024-09-18
153,2024-09-18
154,2024-09-17
155,2024-09-17
156,2024-09-16
157,2024-09-16
158,2024-09-16
159,2024-09-16
160,2024-09-16
161,2024-09-15
162,2024-09-15
163,2024-09-15
164,2024-09-15
165,2024-09-15
166,2024-09-14
167,2024-09-14
168,2024-09-14
169,2024-09-14
170,2024-09-14
171,2024-09-14
172,2024-09-14
173,2024-09-14
174,2024-09-14
175,2024-09-14
176,2024-09-14
177,2024-09-14
178,2024-09-14
179,2024-09-13
180,2024-09-13
181,2024-09-13
182,2024-09-13
183,2024-09-13
184,2024-01-03
